,x1_len,x2_len,jac,label
0,13,17,0.625,0.0
1,13,9,0.0,1.0
2,13,7,0.0,1.0
3,13,11,0.0,0.0
4,13,13,0.42857142857142855,0.0
5,13,13,0.42857142857142855,0.0
6,13,13,0.42857142857142855,0.0
7,13,13,0.42857142857142855,0.0
8,13,13,0.42857142857142855,0.0
9,13,13,0.42857142857142855,0.0
10,13,13,0.42857142857142855,0.0
11,13,13,0.42857142857142855,0.0
12,13,13,0.42857142857142855,0.0
13,13,13,0.42857142857142855,0.0
14,13,13,0.42857142857142855,0.0
15,13,13,0.42857142857142855,0.0
16,13,9,0.0,1.0
17,13,9,0.0,1.0
18,13,9,0.0,1.0
19,13,9,0.0,1.0
20,13,9,0.0,1.0
21,13,9,0.0,1.0
22,13,17,0.3,0.0
23,13,17,0.3,0.0
24,13,17,0.3,0.0
25,13,17,0.3,0.0
26,13,17,0.3,0.0
27,13,17,0.3,0.0
28,13,6,0.0,1.0
29,13,4,0.0,1.0
30,13,22,0.23076923076923078,0.0
31,13,4,0.0,1.0
32,13,4,0.0,1.0
33,13,7,0.0,1.0
34,13,7,0.0,1.0
35,13,7,0.0,1.0
36,13,5,0.0,1.0
37,13,4,0.0,1.0
38,13,8,0.0,1.0
39,13,8,0.0,1.0
40,13,8,0.0,1.0
41,13,8,0.0,1.0
42,13,8,0.0,1.0
43,13,8,0.0,1.0
44,13,11,0.1111111111111111,1.0
45,13,11,0.1111111111111111,1.0
46,13,11,0.1111111111111111,1.0
47,13,11,0.1111111111111111,1.0
48,13,11,0.1111111111111111,1.0
49,13,11,0.1111111111111111,1.0
50,13,6,0.0,1.0
51,13,16,0.3333333333333333,0.0
52,13,4,0.0,1.0
53,13,6,0.0,1.0
54,13,6,0.0,1.0
55,13,6,0.0,1.0
56,13,13,0.42857142857142855,0.0
57,13,13,0.42857142857142855,0.0
58,13,13,0.42857142857142855,0.0
59,13,13,0.42857142857142855,0.0
60,13,13,0.42857142857142855,0.0
61,13,13,0.42857142857142855,0.0
62,13,14,0.2857142857142857,0.0
63,13,4,0.0,1.0
64,13,4,0.0,0.0
65,13,4,0.0,0.0
66,13,4,0.0,0.0
67,13,4,0.0,0.0
68,13,4,0.0,0.0
69,13,4,0.0,0.0
70,13,11,0.0,1.0
71,13,11,0.0,1.0
72,13,11,0.0,1.0
73,13,11,0.0,1.0
74,13,11,0.0,1.0
75,13,11,0.0,1.0
76,13,6,0.0,1.0
77,13,18,0.3,0.0
78,13,13,0.42857142857142855,0.0
79,13,13,0.42857142857142855,0.0
80,13,13,0.42857142857142855,0.0
81,13,13,0.42857142857142855,0.0
82,13,13,0.42857142857142855,0.0
83,13,13,0.42857142857142855,0.0
84,13,14,0.375,0.0
85,13,5,0.0,1.0
86,13,13,0.42857142857142855,0.0
87,13,13,0.42857142857142855,0.0
88,13,13,0.42857142857142855,0.0
89,13,13,0.42857142857142855,0.0
90,13,13,0.42857142857142855,0.0
91,13,13,0.42857142857142855,0.0
92,13,11,0.0,1.0
93,13,11,0.0,1.0
94,13,11,0.0,1.0
95,13,11,0.0,1.0
96,13,11,0.0,1.0
97,13,11,0.0,1.0
98,13,11,0.0,1.0
99,13,11,0.0,1.0
100,13,11,0.0,1.0
101,13,11,0.0,1.0
102,13,11,0.0,1.0
103,13,11,0.0,1.0
104,13,2,0.0,1.0
105,13,7,0.0,1.0
106,13,6,0.0,1.0
107,13,7,0.0,1.0
108,13,7,0.0,1.0
109,13,7,0.0,1.0
110,13,4,0.0,1.0
111,13,3,0.0,1.0
112,13,2,0.0,1.0
113,13,2,0.0,1.0
114,13,3,0.0,1.0
115,13,4,0.0,1.0
116,13,3,0.0,1.0
117,13,2,0.0,1.0
118,13,2,0.0,1.0
119,13,3,0.0,1.0
120,9,4,0.0,1.0
121,9,3,0.0,1.0
122,9,2,0.0,1.0
123,9,2,0.0,1.0
124,9,3,0.0,1.0
125,17,4,0.0,1.0
126,17,3,0.0,1.0
127,17,2,0.0,1.0
128,17,2,0.0,1.0
129,17,3,0.0,1.0
130,7,4,0.0,1.0
131,7,6,0.0,1.0
132,8,4,0.0,1.0
133,8,3,0.0,1.0
134,8,2,0.0,1.0
135,8,2,0.0,1.0
136,8,3,0.0,1.0
137,11,4,0.0,1.0
138,11,3,0.0,1.0
139,11,2,0.0,1.0
140,11,2,0.0,1.0
141,11,3,0.0,1.0
142,6,6,0.16666666666666666,1.0
143,6,4,0.25,1.0
144,13,4,0.0,1.0
145,13,3,0.0,1.0
146,13,2,0.0,1.0
147,13,2,0.0,1.0
148,13,3,0.0,1.0
149,4,9,0.0,0.0
150,4,9,0.0,0.0
151,4,9,0.0,0.0
152,4,11,0.0,0.0
153,4,9,0.0,0.0
154,4,9,0.0,0.0
155,11,4,0.0,1.0
156,11,3,0.0,1.0
157,11,2,0.0,1.0
158,11,2,0.0,1.0
159,11,3,0.0,1.0
160,13,4,0.0,1.0
161,13,3,0.0,1.0
162,13,2,0.0,1.0
163,13,2,0.0,1.0
164,13,3,0.0,1.0
165,13,4,0.0,1.0
166,13,3,0.0,1.0
167,13,2,0.0,1.0
168,13,2,0.0,1.0
169,13,3,0.0,1.0
170,11,4,0.0,1.0
171,11,3,0.0,1.0
172,11,2,0.0,1.0
173,11,2,0.0,1.0
174,11,3,0.0,1.0
175,11,4,0.0,1.0
176,11,3,0.0,1.0
177,11,2,0.0,1.0
178,11,2,0.0,1.0
179,11,3,0.0,1.0
180,11,17,0.0,1.0
181,11,4,0.0,1.0
182,11,4,0.0,1.0
183,11,4,0.0,1.0
184,11,4,0.0,1.0
185,11,4,0.0,1.0
186,11,4,0.0,1.0
187,11,4,0.0,1.0
188,11,9,0.0,1.0
189,11,9,0.0,1.0
190,11,9,0.0,1.0
191,11,9,0.0,1.0
192,11,9,0.0,1.0
193,11,9,0.0,1.0
194,11,12,0.0,1.0
195,11,19,0.0,1.0
196,11,2,0.0,1.0
197,11,7,0.0,1.0
198,11,6,0.0,1.0
199,11,6,0.0,1.0
200,11,6,0.0,1.0
201,11,6,0.0,1.0
202,11,6,0.0,1.0
203,11,6,0.0,1.0
204,11,4,0.0,1.0
205,11,11,0.0,1.0
206,11,11,0.0,1.0
207,11,11,0.0,1.0
208,11,11,0.0,1.0
209,11,11,0.0,1.0
210,11,11,0.0,1.0
211,11,7,0.0,1.0
212,11,7,0.0,1.0
213,11,7,0.0,1.0
214,11,7,0.0,1.0
215,11,7,0.0,1.0
216,11,7,0.0,1.0
217,11,6,0.0,1.0
218,11,6,0.0,1.0
219,11,4,0.0,1.0
220,11,7,0.0,1.0
221,11,6,0.0,1.0
222,11,6,0.0,1.0
223,11,6,0.0,1.0
224,11,6,0.0,1.0
225,11,6,0.0,1.0
226,11,6,0.0,1.0
227,11,4,0.0,1.0
228,11,7,0.0,1.0
229,11,7,0.0,1.0
230,11,7,0.0,1.0
231,11,12,0.0,1.0
232,11,3,0.0,1.0
233,11,4,0.0,1.0
234,11,11,0.0,1.0
235,11,11,0.0,1.0
236,11,11,0.0,1.0
237,11,11,0.0,1.0
238,11,11,0.0,1.0
239,11,11,0.0,1.0
240,11,6,0.0,1.0
241,11,7,0.0,1.0
242,11,7,0.0,1.0
243,11,6,0.0,1.0
244,11,6,0.0,1.0
245,11,6,0.0,1.0
246,11,6,0.0,1.0
247,11,6,0.0,1.0
248,11,8,0.0,0.0
249,11,4,0.0,1.0
250,11,4,0.0,1.0
251,11,6,0.0,1.0
252,11,15,0.0,0.0
253,11,7,0.0,1.0
254,11,4,0.0,1.0
255,11,4,0.0,1.0
256,11,4,0.0,1.0
257,11,9,0.0,1.0
258,11,4,0.0,1.0
259,11,12,0.0,1.0
260,11,16,0.0,1.0
261,11,7,0.0,1.0
262,11,5,0.0,1.0
263,11,8,0.0,1.0
264,11,6,0.0,1.0
265,11,6,0.0,1.0
266,11,6,0.0,1.0
267,11,6,0.0,1.0
268,11,6,0.0,1.0
269,11,6,0.0,1.0
270,11,19,0.0,1.0
271,11,8,0.0,1.0
272,11,14,0.0,1.0
273,11,4,0.0,1.0
274,11,4,0.0,1.0
275,11,4,0.0,1.0
276,11,4,0.0,1.0
277,11,4,0.0,1.0
278,11,4,0.0,1.0
279,11,4,0.0,1.0
280,11,4,0.0,1.0
281,11,4,0.0,1.0
282,11,4,0.0,1.0
283,11,4,0.0,1.0
284,11,4,0.0,1.0
285,11,4,0.0,1.0
286,11,4,0.0,1.0
287,11,4,0.0,1.0
288,11,4,0.0,1.0
289,11,4,0.0,1.0
290,11,4,0.0,1.0
291,4,4,0.0,1.0
292,4,3,0.0,1.0
293,4,2,0.0,1.0
294,4,2,0.0,1.0
295,4,3,0.0,1.0
296,9,4,0.0,1.0
297,9,3,0.0,1.0
298,9,4,0.0,1.0
299,9,2,0.0,1.0
300,9,3,0.0,1.0
301,6,4,0.0,1.0
302,6,3,0.0,1.0
303,6,2,0.0,1.0
304,6,2,0.0,1.0
305,6,3,0.0,1.0
306,11,4,0.0,1.0
307,11,3,0.0,1.0
308,11,2,0.0,1.0
309,11,2,0.0,1.0
310,11,3,0.0,1.0
311,7,4,0.0,1.0
312,7,3,0.0,1.0
313,7,2,0.0,1.0
314,7,2,0.0,1.0
315,7,3,0.0,1.0
316,6,4,0.0,1.0
317,6,4,0.0,1.0
318,6,3,0.0,1.0
319,6,2,0.0,1.0
320,6,2,0.0,1.0
321,6,3,0.0,1.0
322,7,4,0.0,1.0
323,7,6,0.0,1.0
324,11,4,0.0,1.0
325,11,3,0.0,1.0
326,11,2,0.0,1.0
327,11,2,0.0,1.0
328,11,3,0.0,1.0
329,7,4,0.0,1.0
330,6,3,0.0,1.0
331,6,5,0.5,1.0
332,6,5,0.5,1.0
333,4,4,0.0,1.0
334,4,4,0.0,1.0
335,6,4,0.0,1.0
336,6,3,0.0,1.0
337,6,2,0.0,1.0
338,6,2,0.0,1.0
339,6,3,0.0,1.0
340,4,3,0.0,1.0
341,4,2,0.0,1.0
342,4,3,0.0,1.0
343,4,3,0.0,1.0
344,4,3,0.0,1.0
345,4,2,0.0,1.0
346,4,3,0.0,1.0
347,4,4,0.0,1.0
348,4,2,0.0,1.0
349,4,6,0.0,1.0
350,4,3,0.0,1.0
351,4,2,0.0,1.0
352,4,2,0.0,1.0
353,4,3,0.0,1.0
354,4,2,0.0,1.0
355,4,2,0.0,1.0
356,4,3,0.0,1.0
357,8,6,0.0,1.0
358,8,6,0.0,1.0
359,8,6,0.0,1.0
360,8,6,0.0,1.0
361,8,6,0.0,1.0
362,8,6,0.0,1.0
363,8,17,0.0,1.0
364,8,4,0.0,1.0
365,8,5,0.0,1.0
366,8,5,0.0,1.0
367,8,5,0.0,1.0
368,8,5,0.0,1.0
369,8,5,0.0,1.0
370,8,5,0.0,1.0
371,8,4,0.0,1.0
372,8,4,0.0,1.0
373,8,4,0.0,1.0
374,8,21,0.0,1.0
375,8,4,0.0,1.0
376,8,4,0.0,1.0
377,8,4,0.0,1.0
378,8,6,0.0,1.0
379,8,6,0.0,1.0
380,8,6,0.0,1.0
381,8,6,0.0,1.0
382,8,6,0.0,1.0
383,8,6,0.0,1.0
384,8,34,0.0,0.0
385,8,6,0.0,1.0
386,8,6,0.0,1.0
387,8,6,0.0,1.0
388,8,6,0.0,1.0
389,8,6,0.0,1.0
390,8,6,0.0,1.0
391,8,10,0.0,1.0
392,8,10,0.0,1.0
393,8,10,0.0,1.0
394,8,10,0.0,1.0
395,8,10,0.0,1.0
396,8,10,0.0,1.0
397,8,4,0.0,1.0
398,8,4,0.0,1.0
399,8,4,0.0,1.0
400,8,4,0.0,1.0
401,8,4,0.0,1.0
402,8,4,0.0,1.0
403,8,8,0.0,1.0
404,8,8,0.0,1.0
405,8,8,0.0,1.0
406,8,8,0.0,1.0
407,8,8,0.0,1.0
408,8,8,0.0,1.0
409,8,6,0.0,1.0
410,8,6,0.0,1.0
411,8,6,0.0,1.0
412,8,6,0.0,1.0
413,8,6,0.0,1.0
414,8,6,0.0,1.0
415,8,5,0.0,1.0
416,8,6,0.0,1.0
417,8,6,0.0,1.0
418,8,6,0.0,1.0
419,8,6,0.0,1.0
420,8,6,0.0,1.0
421,8,6,0.0,1.0
422,8,6,0.0,1.0
423,8,7,0.0,1.0
424,8,7,0.0,1.0
425,8,7,0.0,1.0
426,8,7,0.0,1.0
427,8,7,0.0,1.0
428,8,7,0.0,1.0
429,8,7,0.0,1.0
430,8,5,0.0,1.0
431,8,5,0.0,1.0
432,8,5,0.0,1.0
433,8,5,0.0,1.0
434,8,5,0.0,1.0
435,8,5,0.0,1.0
436,8,4,0.0,1.0
437,8,4,0.0,1.0
438,8,4,0.0,1.0
439,8,4,0.0,1.0
440,8,4,0.0,1.0
441,8,4,0.0,1.0
442,8,4,0.0,1.0
443,8,9,0.0,1.0
444,8,22,0.0,0.0
445,8,11,0.0,1.0
446,8,10,0.0,1.0
447,8,8,0.0,1.0
448,8,8,0.0,1.0
449,8,8,0.0,1.0
450,8,8,0.0,1.0
451,8,8,0.0,1.0
452,8,8,0.0,1.0
453,8,8,0.0,1.0
454,8,8,0.0,1.0
455,8,8,0.0,1.0
456,8,8,0.0,1.0
457,6,4,0.0,1.0
458,6,3,0.0,1.0
459,6,2,0.0,1.0
460,6,2,0.0,1.0
461,6,3,0.0,1.0
462,5,4,0.0,1.0
463,5,3,0.0,1.0
464,5,2,0.0,1.0
465,5,2,0.0,1.0
466,5,3,0.0,1.0
467,4,4,0.0,1.0
468,4,7,0.0,1.0
469,4,6,0.0,1.0
470,4,6,0.0,1.0
471,6,4,0.0,1.0
472,6,3,0.0,1.0
473,6,2,0.0,1.0
474,6,2,0.0,1.0
475,6,3,0.0,1.0
476,6,4,0.0,1.0
477,6,3,0.0,1.0
478,6,2,0.0,1.0
479,6,2,0.0,1.0
480,6,3,0.0,1.0
481,10,4,0.0,1.0
482,10,3,0.0,1.0
483,10,2,0.0,1.0
484,10,2,0.0,1.0
485,10,3,0.0,1.0
486,4,4,0.0,1.0
487,4,3,0.0,1.0
488,4,2,0.0,1.0
489,4,2,0.0,1.0
490,4,3,0.0,1.0
491,8,4,0.0,1.0
492,8,3,0.0,1.0
493,8,2,0.0,1.0
494,8,2,0.0,1.0
495,8,3,0.0,1.0
496,6,4,0.0,1.0
497,6,3,0.0,1.0
498,6,2,0.0,1.0
499,6,2,0.0,1.0
500,6,3,0.0,1.0
501,6,4,0.0,1.0
502,6,3,0.0,1.0
503,6,2,0.0,1.0
504,6,2,0.0,1.0
505,6,3,0.0,1.0
506,7,6,0.0,1.0
507,7,6,0.0,1.0
508,7,6,0.0,1.0
509,7,24,0.0,1.0
510,7,17,0.0,1.0
511,7,3,0.0,1.0
512,5,4,0.0,1.0
513,5,3,0.0,1.0
514,5,2,0.0,1.0
515,5,2,0.0,1.0
516,5,3,0.0,1.0
517,4,4,0.0,1.0
518,4,3,0.0,1.0
519,4,2,0.0,1.0
520,4,2,0.0,1.0
521,4,3,0.0,1.0
522,8,4,0.0,1.0
523,8,3,0.0,1.0
524,8,2,0.0,1.0
525,8,2,0.0,1.0
526,8,3,0.0,1.0
527,8,8,0.6,0.0
528,8,8,0.6,0.0
529,8,13,0.42857142857142855,0.0
530,2,4,0.0,1.0
531,2,9,0.0,0.0
532,2,7,0.0,0.0
533,2,7,0.0,1.0
534,2,7,0.0,1.0
535,2,7,0.0,1.0
536,2,7,0.0,1.0
537,2,7,0.0,1.0
538,2,4,0.0,1.0
539,2,4,0.0,1.0
540,2,4,0.0,0.0
541,2,12,0.0,1.0
542,2,12,0.0,0.0
543,2,12,0.0,0.0
544,2,12,0.0,0.0
545,2,12,0.0,0.0
546,2,12,0.0,0.0
547,2,10,0.0,1.0
548,2,4,0.0,1.0
549,2,4,0.0,0.0
550,2,4,0.0,1.0
551,2,7,0.0,1.0
552,2,11,0.0,1.0
553,2,11,0.0,1.0
554,2,11,0.0,0.0
555,2,8,0.0,1.0
556,2,8,0.0,0.0
557,2,8,0.0,1.0
558,2,8,0.0,1.0
559,2,8,0.0,1.0
560,2,7,0.0,1.0
561,2,7,0.0,0.0
562,2,7,0.0,0.0
563,2,7,0.0,0.0
564,2,7,0.0,0.0
565,2,2,0.0,0.0
566,2,2,0.0,0.0
567,2,2,0.0,0.0
568,2,2,0.0,0.0
569,2,2,0.0,0.0
570,2,2,0.0,0.0
571,2,4,0.0,1.0
572,2,4,0.0,1.0
573,2,4,0.0,0.0
574,2,4,0.0,0.0
575,2,4,0.0,0.0
576,2,4,0.0,0.0
577,2,4,0.0,1.0
578,2,4,0.0,0.0
579,2,4,0.0,0.0
580,2,4,0.0,0.0
581,2,4,0.0,0.0
582,2,19,0.0,1.0
583,2,2,0.0,1.0
584,2,4,0.0,1.0
585,2,4,0.5,0.0
586,2,4,0.5,0.0
587,2,4,0.5,0.0
588,2,4,0.5,0.0
589,2,4,0.5,0.0
590,2,5,0.5,0.0
591,2,10,0.25,0.0
592,2,10,0.25,0.0
593,2,10,0.25,0.0
594,2,10,0.25,0.0
595,2,10,0.25,0.0
596,2,6,0.0,1.0
597,2,4,0.0,1.0
598,2,4,0.0,0.0
599,2,4,0.0,0.0
600,2,4,0.0,0.0
601,2,4,0.0,0.0
602,2,8,0.0,1.0
603,2,8,0.0,0.0
604,2,8,0.0,0.0
605,2,8,0.0,0.0
606,2,8,0.0,0.0
607,2,4,0.0,1.0
608,2,4,0.0,0.0
609,2,4,0.0,0.0
610,2,4,0.0,0.0
611,2,4,0.0,0.0
612,2,7,0.0,1.0
613,2,7,0.0,0.0
614,2,7,0.0,0.0
615,2,7,0.0,0.0
616,2,7,0.0,0.0
617,2,2,0.0,1.0
618,2,2,0.0,1.0
619,2,8,0.0,1.0
620,2,8,0.0,0.0
621,2,8,0.0,0.0
622,2,8,0.0,0.0
623,2,8,0.0,0.0
624,2,11,0.16666666666666666,0.0
625,2,2,0.0,1.0
626,2,11,0.0,0.0
627,2,4,0.0,0.0
628,2,4,0.0,1.0
629,2,4,0.0,1.0
630,2,4,0.0,1.0
631,2,4,0.0,1.0
632,2,4,0.0,1.0
633,2,6,0.0,1.0
634,2,6,0.0,0.0
635,2,6,0.0,0.0
636,7,4,0.0,1.0
637,7,4,0.0,1.0
638,7,4,0.0,1.0
639,7,2,0.0,1.0
640,4,4,0.0,1.0
641,4,4,0.3333333333333333,1.0
642,12,4,0.0,1.0
643,12,4,0.0,1.0
644,12,4,0.0,1.0
645,12,2,0.0,1.0
646,4,4,0.3333333333333333,1.0
647,4,4,1.0,0.0
648,11,7,0.0,0.0
649,11,6,0.0,1.0
650,8,4,0.0,1.0
651,8,4,0.0,1.0
652,8,4,0.0,1.0
653,8,4,0.0,1.0
654,7,4,0.0,1.0
655,7,4,0.0,1.0
656,7,4,0.0,1.0
657,7,2,0.0,1.0
658,2,4,0.0,1.0
659,2,4,0.0,1.0
660,2,4,0.0,1.0
661,2,4,0.0,1.0
662,4,4,0.0,1.0
663,4,4,0.0,1.0
664,4,4,0.0,1.0
665,4,4,0.0,1.0
666,4,4,0.0,1.0
667,4,4,0.0,1.0
668,4,4,0.0,1.0
669,4,4,0.0,1.0
670,4,4,0.0,1.0
671,4,4,0.0,1.0
672,4,4,0.0,1.0
673,4,2,0.0,1.0
674,10,4,0.0,1.0
675,10,4,0.0,1.0
676,10,4,0.0,1.0
677,10,4,0.0,1.0
678,4,4,0.0,1.0
679,4,4,0.0,1.0
680,4,4,0.0,1.0
681,4,2,0.0,1.0
682,8,4,0.0,1.0
683,8,4,0.0,1.0
684,8,4,0.0,1.0
685,8,2,0.0,1.0
686,4,4,0.0,1.0
687,4,4,0.0,1.0
688,4,4,0.0,1.0
689,4,4,0.0,1.0
690,7,4,0.0,1.0
691,7,4,0.0,1.0
692,7,4,0.0,1.0
693,7,2,0.0,1.0
694,8,4,0.0,1.0
695,8,4,0.0,1.0
696,8,4,0.0,1.0
697,8,4,0.0,1.0
698,4,4,0.0,1.0
699,4,4,0.0,1.0
700,4,4,0.0,1.0
701,4,2,0.0,1.0
702,6,4,0.0,1.0
703,6,6,0.0,1.0
704,4,16,0.0,0.0
705,4,5,0.0,1.0
706,4,4,0.3333333333333333,0.0
707,4,4,0.3333333333333333,0.0
708,4,4,0.3333333333333333,0.0
709,4,2,0.0,1.0
710,4,52,0.03571428571428571,0.0
711,4,8,0.2,1.0
712,4,8,0.2,1.0
713,4,8,0.2,1.0
714,4,8,0.2,1.0
715,4,8,0.2,1.0
716,4,7,0.0,1.0
717,4,8,0.2,1.0
718,4,8,0.2,1.0
719,4,8,0.2,1.0
720,4,8,0.2,1.0
721,4,8,0.2,1.0
722,4,41,0.041666666666666664,0.0
723,4,16,0.09090909090909091,0.0
724,4,42,0.043478260869565216,0.0
725,4,4,0.3333333333333333,1.0
726,4,4,0.3333333333333333,1.0
727,4,4,0.3333333333333333,1.0
728,4,4,0.3333333333333333,1.0
729,4,4,0.3333333333333333,1.0
730,4,4,0.3333333333333333,1.0
731,4,4,0.0,1.0
732,4,18,0.08333333333333333,0.0
733,4,10,0.16666666666666666,1.0
734,4,10,0.16666666666666666,1.0
735,4,10,0.16666666666666666,1.0
736,4,10,0.16666666666666666,1.0
737,4,10,0.16666666666666666,1.0
738,4,4,0.3333333333333333,1.0
739,4,28,0.058823529411764705,0.0
740,4,51,0.037037037037037035,0.0
741,4,4,0.0,1.0
742,4,4,0.0,1.0
743,4,4,0.0,1.0
744,4,4,0.0,1.0
745,4,4,0.0,1.0
746,4,4,0.0,1.0
747,4,23,0.0,0.0
748,4,6,0.0,1.0
749,4,6,0.0,0.0
750,4,6,0.0,1.0
751,4,16,0.1111111111111111,0.0
752,4,33,0.05555555555555555,0.0
753,4,6,0.0,1.0
754,4,7,0.0,1.0
755,4,6,0.25,1.0
756,4,7,0.0,1.0
757,4,6,0.0,1.0
758,4,6,0.0,1.0
759,4,6,0.0,1.0
760,4,6,0.0,1.0
761,4,6,0.0,1.0
762,4,6,0.0,1.0
763,4,4,0.3333333333333333,1.0
764,4,4,0.3333333333333333,1.0
765,4,4,0.3333333333333333,1.0
766,4,4,0.3333333333333333,1.0
767,4,4,0.3333333333333333,1.0
768,4,4,0.3333333333333333,1.0
769,4,21,0.1111111111111111,1.0
770,4,21,0.1111111111111111,1.0
771,4,21,0.1111111111111111,1.0
772,4,21,0.1111111111111111,1.0
773,4,21,0.1111111111111111,1.0
774,4,21,0.1111111111111111,1.0
775,4,6,0.25,1.0
776,4,6,0.25,1.0
777,4,6,0.25,1.0
778,4,6,0.25,1.0
779,4,6,0.25,1.0
780,4,6,0.25,1.0
781,4,6,0.0,1.0
782,4,2,0.5,1.0
783,4,2,0.5,1.0
784,4,2,0.5,1.0
785,4,11,0.125,0.0
786,4,16,0.09090909090909091,0.0
787,4,4,0.3333333333333333,1.0
788,4,4,0.3333333333333333,1.0
789,4,4,0.3333333333333333,1.0
790,4,4,0.0,1.0
791,4,4,0.0,1.0
792,4,27,0.058823529411764705,0.0
793,4,23,0.1,1.0
794,4,23,0.1,1.0
795,4,23,0.1,1.0
796,4,23,0.1,1.0
797,4,23,0.1,1.0
798,4,23,0.1,1.0
799,4,2,0.0,1.0
800,4,4,0.3333333333333333,1.0
801,8,4,0.0,1.0
802,8,3,0.0,1.0
803,8,2,0.0,1.0
804,8,2,0.0,1.0
805,8,4,0.0,1.0
806,8,3,0.0,1.0
807,8,2,0.0,1.0
808,8,2,0.0,1.0
809,4,4,0.0,1.0
810,4,3,0.0,1.0
811,4,2,0.0,1.0
812,4,2,0.0,1.0
813,4,3,0.0,1.0
814,10,4,0.0,1.0
815,10,3,0.0,1.0
816,10,2,0.0,1.0
817,10,2,0.0,1.0
818,4,4,0.0,1.0
819,4,3,0.0,1.0
820,4,2,0.0,1.0
821,4,2,0.0,1.0
822,4,3,0.0,1.0
823,6,6,0.16666666666666666,1.0
824,6,4,0.25,1.0
825,6,4,0.0,1.0
826,6,3,0.0,1.0
827,6,2,0.0,1.0
828,6,2,0.0,1.0
829,6,3,0.0,1.0
830,4,4,0.0,1.0
831,4,3,0.0,1.0
832,4,2,0.0,1.0
833,4,2,0.0,1.0
834,4,3,0.0,1.0
835,21,4,0.0,1.0
836,21,3,0.0,1.0
837,21,2,0.0,1.0
838,21,2,0.0,1.0
839,21,3,0.0,1.0
840,6,4,0.0,1.0
841,6,3,0.0,1.0
842,6,2,0.0,1.0
843,6,2,0.0,1.0
844,6,3,0.0,1.0
845,2,2,0.0,1.0
846,2,4,0.5,0.0
847,4,2,0.0,1.0
848,4,4,0.3333333333333333,1.0
849,23,4,0.0,1.0
850,23,3,0.0,1.0
851,23,2,0.0,1.0
852,23,2,0.0,1.0
853,23,3,0.0,1.0
854,6,7,0.2,1.0
855,6,7,0.2,1.0
856,6,7,0.2,1.0
857,6,7,0.2,1.0
858,6,7,0.2,1.0
859,6,7,0.2,1.0
860,6,4,0.0,1.0
861,6,33,0.0,0.0
862,6,15,0.0,1.0
863,6,9,0.16666666666666666,1.0
864,6,9,0.16666666666666666,1.0
865,6,9,0.16666666666666666,1.0
866,6,9,0.16666666666666666,1.0
867,6,9,0.16666666666666666,1.0
868,6,9,0.16666666666666666,1.0
869,6,36,0.0,1.0
870,6,6,0.0,1.0
871,6,6,0.0,1.0
872,6,6,0.0,1.0
873,6,6,0.0,1.0
874,6,6,0.0,1.0
875,6,6,0.0,1.0
876,6,4,0.0,1.0
877,6,4,0.0,1.0
878,6,4,0.0,1.0
879,6,4,0.0,1.0
880,6,4,0.0,1.0
881,6,4,0.0,1.0
882,6,11,0.5,1.0
883,6,6,0.0,1.0
884,6,6,0.0,1.0
885,6,6,0.0,1.0
886,6,6,0.0,1.0
887,6,6,0.0,1.0
888,6,6,0.0,1.0
889,6,7,0.0,1.0
890,6,16,0.0,1.0
891,6,9,0.16666666666666666,1.0
892,6,9,0.16666666666666666,1.0
893,6,9,0.16666666666666666,1.0
894,6,9,0.16666666666666666,1.0
895,6,9,0.16666666666666666,1.0
896,6,9,0.16666666666666666,1.0
897,6,6,0.0,1.0
898,6,7,0.0,1.0
899,6,6,0.0,1.0
900,6,6,0.0,1.0
901,6,6,0.0,1.0
902,6,6,0.0,1.0
903,6,6,0.0,1.0
904,6,6,0.0,1.0
905,6,6,0.0,1.0
906,6,6,0.0,1.0
907,6,3,0.0,1.0
908,6,17,0.3333333333333333,0.0
909,6,7,0.2,1.0
910,6,7,0.2,1.0
911,6,7,0.2,1.0
912,6,7,0.2,1.0
913,6,7,0.2,1.0
914,6,7,0.2,1.0
915,6,18,0.0,1.0
916,6,7,0.0,1.0
917,6,7,0.0,1.0
918,6,7,0.0,1.0
919,6,4,0.0,1.0
920,6,4,0.0,1.0
921,6,4,0.0,1.0
922,6,4,0.0,1.0
923,6,4,0.0,1.0
924,6,4,0.0,1.0
925,6,9,0.0,1.0
926,6,15,0.375,0.0
927,6,4,0.0,1.0
928,6,12,0.5,0.0
929,6,12,0.5,0.0
930,6,12,0.5,0.0
931,6,12,0.5,0.0
932,6,12,0.5,0.0
933,6,13,0.42857142857142855,0.0
934,6,7,0.0,1.0
935,6,6,1.0,1.0
936,6,4,0.0,1.0
937,6,11,0.0,1.0
938,6,2,0.0,1.0
939,6,17,0.3333333333333333,0.0
940,6,6,0.0,1.0
941,6,7,0.0,1.0
942,6,4,0.0,1.0
943,6,4,0.0,1.0
944,6,4,0.0,1.0
945,6,4,0.0,1.0
946,6,4,0.0,1.0
947,6,5,0.0,1.0
948,6,5,0.0,1.0
949,6,5,0.0,1.0
950,6,5,0.0,1.0
951,6,5,0.0,1.0
952,6,5,0.0,1.0
953,7,4,0.0,1.0
954,7,3,0.0,1.0
955,7,2,0.0,1.0
956,7,2,0.0,1.0
957,7,3,0.0,1.0
958,9,4,0.0,1.0
959,9,3,0.0,1.0
960,9,2,0.0,1.0
961,9,2,0.0,1.0
962,9,3,0.0,1.0
963,6,4,0.0,1.0
964,6,3,0.0,1.0
965,6,2,0.0,1.0
966,6,2,0.0,1.0
967,6,3,0.0,1.0
968,4,4,0.0,1.0
969,4,3,0.0,1.0
970,4,2,0.0,1.0
971,4,2,0.0,1.0
972,4,3,0.0,1.0
973,6,4,0.0,1.0
974,6,3,0.0,1.0
975,6,2,0.0,1.0
976,6,2,0.0,1.0
977,6,3,0.0,1.0
978,9,4,0.0,1.0
979,9,3,0.0,1.0
980,9,2,0.0,1.0
981,9,2,0.0,1.0
982,9,3,0.0,1.0
983,6,4,0.0,1.0
984,6,3,0.0,1.0
985,6,2,0.0,1.0
986,6,2,0.0,1.0
987,6,3,0.0,1.0
988,7,4,0.0,1.0
989,7,3,0.0,1.0
990,7,2,0.0,1.0
991,7,2,0.0,1.0
992,7,3,0.0,1.0
993,7,4,0.0,1.0
994,7,6,0.0,1.0
995,4,4,0.0,1.0
996,4,3,0.0,1.0
997,4,2,0.0,1.0
998,4,2,0.0,1.0
999,4,3,0.0,1.0
1000,12,4,0.14285714285714285,1.0
1001,12,4,0.0,1.0
1002,12,4,0.3333333333333333,1.0
1003,12,2,0.0,1.0
1004,4,4,0.0,1.0
1005,4,4,0.0,1.0
1006,5,4,0.0,1.0
1007,5,3,0.0,1.0
1008,5,2,0.0,1.0
1009,5,2,0.0,1.0
1010,5,3,0.0,1.0
1011,8,9,0.0,1.0
1012,8,9,0.0,1.0
1013,8,9,0.0,1.0
1014,8,9,0.0,1.0
1015,8,9,0.0,1.0
1016,8,9,0.0,1.0
1017,8,12,0.0,1.0
1018,8,12,0.0,1.0
1019,8,12,0.0,1.0
1020,8,7,0.0,1.0
1021,8,12,0.0,1.0
1022,8,12,0.0,1.0
1023,8,12,0.0,1.0
1024,8,12,0.0,1.0
1025,8,12,0.0,1.0
1026,8,12,0.0,1.0
1027,8,7,0.16666666666666666,1.0
1028,8,7,0.16666666666666666,1.0
1029,8,7,0.16666666666666666,1.0
1030,8,7,0.16666666666666666,1.0
1031,8,7,0.16666666666666666,1.0
1032,8,7,0.16666666666666666,1.0
1033,8,4,0.0,1.0
1034,8,4,0.0,1.0
1035,8,4,0.0,1.0
1036,8,4,0.0,1.0
1037,8,4,0.0,1.0
1038,8,4,0.0,1.0
1039,8,6,0.0,1.0
1040,8,6,0.0,1.0
1041,8,6,0.0,1.0
1042,8,6,0.0,1.0
1043,8,6,0.0,1.0
1044,8,6,0.0,1.0
1045,8,2,0.0,1.0
1046,8,7,0.14285714285714285,1.0
1047,8,13,0.0,1.0
1048,8,13,0.0,1.0
1049,8,13,0.0,1.0
1050,8,13,0.0,1.0
1051,8,13,0.0,1.0
1052,8,13,0.0,1.0
1053,8,6,0.0,1.0
1054,8,6,0.0,1.0
1055,8,6,0.0,1.0
1056,8,6,0.0,1.0
1057,8,6,0.0,1.0
1058,8,6,0.0,1.0
1059,8,4,0.0,1.0
1060,8,4,0.0,1.0
1061,8,4,0.0,1.0
1062,8,4,0.0,1.0
1063,8,4,0.0,1.0
1064,8,4,0.0,1.0
1065,8,6,0.0,1.0
1066,8,4,0.0,1.0
1067,8,4,0.0,1.0
1068,8,4,0.0,1.0
1069,8,4,0.0,1.0
1070,8,4,0.0,1.0
1071,8,4,0.0,1.0
1072,8,8,0.0,1.0
1073,8,8,0.0,1.0
1074,8,8,0.0,1.0
1075,8,8,0.0,1.0
1076,8,8,0.0,1.0
1077,8,8,0.0,1.0
1078,8,7,0.0,1.0
1079,8,6,0.0,1.0
1080,8,6,0.0,1.0
1081,8,6,0.0,1.0
1082,8,6,0.0,1.0
1083,8,6,0.0,1.0
1084,8,6,0.0,1.0
1085,8,14,0.0,1.0
1086,8,14,0.0,1.0
1087,8,14,0.0,1.0
1088,8,14,0.0,1.0
1089,8,14,0.0,1.0
1090,8,14,0.0,1.0
1091,8,3,0.0,1.0
1092,8,8,0.0,1.0
1093,8,2,0.0,1.0
1094,8,9,0.0,1.0
1095,8,9,0.0,1.0
1096,8,9,0.0,1.0
1097,8,9,0.0,1.0
1098,8,9,0.0,1.0
1099,8,9,0.0,1.0
1100,8,4,0.0,1.0
1101,8,20,0.125,1.0
1102,8,20,0.125,1.0
1103,8,20,0.125,1.0
1104,8,20,0.125,1.0
1105,8,20,0.125,1.0
1106,8,20,0.125,1.0
1107,8,6,0.16666666666666666,1.0
1108,8,11,0.0,1.0
1109,8,11,0.0,1.0
1110,8,11,0.0,1.0
1111,8,11,0.0,1.0
1112,8,11,0.0,1.0
1113,8,11,0.0,1.0
1114,8,9,0.0,1.0
1115,8,9,0.0,1.0
1116,8,9,0.0,1.0
1117,8,11,0.0,1.0
1118,8,11,0.0,1.0
1119,8,11,0.0,1.0
1120,8,11,0.0,1.0
1121,8,11,0.0,1.0
1122,8,11,0.0,1.0
1123,8,8,0.0,1.0
1124,8,8,0.0,1.0
1125,8,8,0.0,1.0
1126,8,8,0.0,1.0
1127,8,8,0.0,1.0
1128,8,8,0.0,1.0
1129,9,4,0.0,1.0
1130,9,3,0.0,1.0
1131,9,2,0.0,1.0
1132,9,2,0.0,1.0
1133,9,3,0.0,1.0
1134,12,4,0.0,1.0
1135,12,3,0.0,1.0
1136,12,4,0.0,1.0
1137,12,3,0.0,1.0
1138,12,2,0.0,1.0
1139,12,2,0.0,1.0
1140,12,3,0.0,1.0
1141,7,4,0.0,1.0
1142,7,3,0.0,1.0
1143,7,2,0.0,1.0
1144,7,2,0.0,1.0
1145,7,3,0.0,1.0
1146,4,4,0.0,1.0
1147,4,3,0.0,1.0
1148,4,2,0.0,1.0
1149,4,2,0.0,1.0
1150,4,3,0.0,1.0
1151,6,4,0.0,1.0
1152,6,3,0.0,1.0
1153,6,2,0.0,1.0
1154,6,2,0.0,1.0
1155,6,3,0.0,1.0
1156,13,4,0.0,1.0
1157,13,3,0.0,1.0
1158,13,2,0.0,1.0
1159,13,2,0.0,1.0
1160,13,3,0.0,1.0
1161,6,4,0.0,1.0
1162,6,3,0.0,1.0
1163,6,2,0.0,1.0
1164,6,2,0.0,1.0
1165,6,3,0.0,1.0
1166,4,4,0.0,1.0
1167,4,3,0.0,1.0
1168,4,2,0.0,1.0
1169,4,2,0.0,1.0
1170,4,3,0.0,1.0
1171,4,4,0.0,1.0
1172,4,3,0.0,1.0
1173,4,2,0.0,1.0
1174,4,2,0.0,1.0
1175,4,3,0.0,1.0
1176,8,4,0.0,1.0
1177,8,3,0.0,1.0
1178,8,2,0.0,1.0
1179,8,2,0.0,1.0
1180,8,3,0.0,1.0
1181,6,4,0.0,1.0
1182,6,3,0.0,1.0
1183,6,2,0.0,1.0
1184,6,2,0.0,1.0
1185,6,3,0.0,1.0
1186,14,4,0.0,1.0
1187,14,3,0.0,1.0
1188,14,2,0.0,1.0
1189,14,2,0.0,1.0
1190,14,3,0.0,1.0
1191,9,4,0.0,1.0
1192,9,3,0.0,1.0
1193,9,2,0.0,1.0
1194,9,2,0.0,1.0
1195,9,3,0.0,1.0
1196,20,4,0.0,1.0
1197,20,3,0.0,1.0
1198,20,2,0.0,1.0
1199,20,2,0.0,1.0
1200,20,3,0.0,1.0
1201,11,4,0.0,1.0
1202,11,3,0.0,1.0
1203,11,2,0.0,1.0
1204,11,2,0.0,1.0
1205,11,3,0.0,1.0
1206,9,4,0.0,1.0
1207,9,3,0.0,1.0
1208,11,4,0.0,1.0
1209,11,3,0.0,1.0
1210,11,2,0.0,1.0
1211,11,2,0.0,1.0
1212,11,3,0.0,1.0
1213,8,4,0.0,1.0
1214,8,3,0.0,1.0
1215,8,2,0.0,1.0
1216,8,2,0.0,1.0
1217,8,3,0.0,1.0
1218,3,20,0.2,0.0
1219,3,6,0.0,1.0
1220,3,7,0.0,1.0
1221,3,26,0.16666666666666666,0.0
1222,3,26,0.16666666666666666,0.0
1223,3,26,0.16666666666666666,0.0
1224,3,26,0.16666666666666666,0.0
1225,3,26,0.16666666666666666,0.0
1226,3,26,0.16666666666666666,0.0
1227,3,3,1.0,0.0
1228,3,18,0.2857142857142857,0.0
1229,3,18,0.2857142857142857,0.0
1230,3,18,0.2857142857142857,0.0
1231,3,18,0.2857142857142857,0.0
1232,3,18,0.2857142857142857,0.0
1233,3,18,0.2857142857142857,0.0
1234,3,18,0.2857142857142857,0.0
1235,3,2,0.0,1.0
1236,3,2,0.0,1.0
1237,3,2,0.0,1.0
1238,3,22,0.2,0.0
1239,3,22,0.2,0.0
1240,3,22,0.2,0.0
1241,3,22,0.2,0.0
1242,3,22,0.2,0.0
1243,3,22,0.2,0.0
1244,3,5,0.6666666666666666,0.0
1245,3,5,0.6666666666666666,0.0
1246,3,5,0.6666666666666666,0.0
1247,3,5,0.6666666666666666,0.0
1248,3,5,0.6666666666666666,0.0
1249,3,5,0.6666666666666666,0.0
1250,3,5,0.6666666666666666,0.0
1251,3,5,0.6666666666666666,0.0
1252,3,5,0.6666666666666666,0.0
1253,3,5,0.6666666666666666,0.0
1254,3,5,0.6666666666666666,0.0
1255,3,5,0.6666666666666666,0.0
1256,3,24,0.18181818181818182,0.0
1257,3,24,0.18181818181818182,0.0
1258,3,24,0.18181818181818182,0.0
1259,3,24,0.18181818181818182,0.0
1260,3,24,0.18181818181818182,0.0
1261,3,24,0.18181818181818182,0.0
1262,3,7,0.5,0.0
1263,3,7,0.5,0.0
1264,3,7,0.5,0.0
1265,3,7,0.5,0.0
1266,3,7,0.5,0.0
1267,3,7,0.5,0.0
1268,3,6,0.0,1.0
1269,3,7,0.5,0.0
1270,3,5,0.0,1.0
1271,3,8,0.4,0.0
1272,3,8,0.4,0.0
1273,3,8,0.4,0.0
1274,3,8,0.4,0.0
1275,3,8,0.4,0.0
1276,3,8,0.4,0.0
1277,3,8,0.4,0.0
1278,3,24,0.18181818181818182,0.0
1279,3,24,0.18181818181818182,0.0
1280,3,24,0.18181818181818182,0.0
1281,3,24,0.18181818181818182,0.0
1282,3,24,0.18181818181818182,0.0
1283,3,24,0.18181818181818182,0.0
1284,3,6,0.0,1.0
1285,3,26,0.2,0.0
1286,3,26,0.2,0.0
1287,3,26,0.2,0.0
1288,3,26,0.2,0.0
1289,3,26,0.2,0.0
1290,3,26,0.2,0.0
1291,3,22,0.2222222222222222,0.0
1292,3,22,0.2222222222222222,0.0
1293,3,22,0.2222222222222222,0.0
1294,3,22,0.2222222222222222,0.0
1295,3,22,0.2222222222222222,0.0
1296,3,22,0.2222222222222222,0.0
1297,3,24,0.0,1.0
1298,3,24,0.0,1.0
1299,3,24,0.0,1.0
1300,3,24,0.0,1.0
1301,3,24,0.0,1.0
1302,3,24,0.0,1.0
1303,3,5,0.6666666666666666,0.0
1304,3,27,0.18181818181818182,0.0
1305,3,27,0.18181818181818182,0.0
1306,3,27,0.18181818181818182,0.0
1307,3,27,0.18181818181818182,0.0
1308,3,27,0.18181818181818182,0.0
1309,3,27,0.18181818181818182,0.0
1310,3,22,0.2,0.0
1311,3,22,0.2,0.0
1312,3,22,0.2,0.0
1313,3,22,0.2,0.0
1314,3,22,0.2,0.0
1315,3,22,0.2,0.0
1316,3,19,0.0,1.0
1317,3,19,0.0,1.0
1318,3,19,0.0,1.0
1319,3,19,0.0,1.0
1320,3,19,0.0,1.0
1321,3,19,0.0,1.0
1322,26,4,0.0,1.0
1323,26,3,0.0,1.0
1324,26,2,0.0,1.0
1325,26,2,0.0,1.0
1326,26,3,0.0,1.0
1327,18,4,0.0,1.0
1328,18,2,0.0,1.0
1329,18,3,0.0,1.0
1330,18,2,0.0,1.0
1331,18,2,0.0,1.0
1332,18,3,0.0,1.0
1333,2,4,0.0,1.0
1334,2,4,0.0,1.0
1335,22,4,0.0,1.0
1336,22,3,0.0,1.0
1337,22,2,0.0,1.0
1338,22,2,0.0,1.0
1339,22,3,0.0,1.0
1340,5,4,0.0,1.0
1341,5,3,0.0,1.0
1342,5,2,0.0,1.0
1343,5,2,0.0,1.0
1344,5,3,0.0,1.0
1345,5,4,0.0,1.0
1346,5,3,0.0,1.0
1347,5,2,0.0,1.0
1348,5,2,0.0,1.0
1349,5,3,0.0,1.0
1350,24,4,0.0,1.0
1351,24,3,0.0,1.0
1352,24,2,0.0,1.0
1353,24,2,0.0,1.0
1354,24,3,0.0,1.0
1355,7,4,0.0,1.0
1356,7,3,0.0,1.0
1357,7,2,0.0,1.0
1358,7,2,0.0,1.0
1359,7,3,0.0,1.0
1360,8,4,0.0,1.0
1361,8,2,0.0,1.0
1362,8,3,0.0,1.0
1363,8,2,0.0,1.0
1364,8,2,0.0,1.0
1365,8,3,0.0,1.0
1366,24,4,0.0,1.0
1367,24,3,0.0,1.0
1368,24,2,0.0,1.0
1369,24,2,0.0,1.0
1370,24,3,0.0,1.0
1371,26,4,0.0,1.0
1372,26,3,0.0,1.0
1373,26,2,0.0,1.0
1374,26,2,0.0,1.0
1375,26,3,0.0,1.0
1376,22,4,0.0,1.0
1377,22,3,0.0,1.0
1378,22,2,0.0,1.0
1379,22,2,0.0,1.0
1380,22,3,0.0,1.0
1381,24,4,0.0,1.0
1382,24,3,0.0,1.0
1383,24,2,0.0,1.0
1384,24,2,0.0,1.0
1385,24,3,0.0,1.0
1386,27,4,0.0,1.0
1387,27,3,0.0,1.0
1388,27,2,0.0,1.0
1389,27,2,0.0,1.0
1390,27,3,0.0,1.0
1391,22,4,0.0,1.0
1392,22,3,0.0,1.0
1393,22,2,0.0,1.0
1394,22,2,0.0,1.0
1395,22,3,0.0,1.0
1396,19,4,0.0,1.0
1397,19,3,0.0,1.0
1398,19,2,0.0,1.0
1399,19,2,0.0,1.0
1400,19,3,0.0,1.0
1401,5,5,0.0,1.0
1402,5,4,0.0,1.0
1403,5,6,0.2,1.0
1404,5,6,0.2,1.0
1405,5,6,0.2,1.0
1406,5,6,0.2,1.0
1407,5,6,0.2,1.0
1408,5,6,0.2,1.0
1409,5,2,0.0,1.0
1410,5,2,0.0,1.0
1411,5,2,0.0,1.0
1412,5,6,0.0,1.0
1413,5,10,0.16666666666666666,1.0
1414,5,10,0.16666666666666666,1.0
1415,5,10,0.16666666666666666,1.0
1416,5,10,0.16666666666666666,1.0
1417,5,10,0.16666666666666666,1.0
1418,5,10,0.16666666666666666,1.0
1419,5,4,0.0,1.0
1420,5,9,0.14285714285714285,1.0
1421,5,9,0.14285714285714285,1.0
1422,5,9,0.14285714285714285,1.0
1423,5,9,0.14285714285714285,1.0
1424,5,9,0.14285714285714285,1.0
1425,5,9,0.14285714285714285,1.0
1426,5,5,0.0,1.0
1427,5,6,0.2,1.0
1428,5,6,0.2,1.0
1429,5,6,0.2,1.0
1430,5,6,0.2,1.0
1431,5,6,0.2,1.0
1432,5,6,0.2,1.0
1433,5,4,0.25,1.0
1434,5,4,0.25,1.0
1435,5,4,0.25,1.0
1436,5,4,0.25,1.0
1437,5,4,0.25,1.0
1438,5,4,0.25,1.0
1439,5,9,0.6,0.0
1440,5,6,0.0,1.0
1441,5,5,1.0,0.0
1442,5,10,0.125,1.0
1443,5,10,0.125,1.0
1444,5,10,0.125,1.0
1445,5,10,0.125,1.0
1446,5,10,0.125,1.0
1447,5,10,0.125,1.0
1448,5,7,0.0,1.0
1449,5,7,0.0,1.0
1450,5,7,0.0,1.0
1451,5,10,0.14285714285714285,1.0
1452,5,10,0.14285714285714285,1.0
1453,5,10,0.14285714285714285,1.0
1454,5,10,0.14285714285714285,1.0
1455,5,10,0.14285714285714285,1.0
1456,5,10,0.14285714285714285,1.0
1457,5,7,0.0,1.0
1458,5,6,0.0,1.0
1459,5,6,0.0,1.0
1460,5,6,0.0,1.0
1461,5,6,0.0,1.0
1462,5,9,0.14285714285714285,1.0
1463,5,9,0.14285714285714285,1.0
1464,5,8,0.16666666666666666,1.0
1465,5,8,0.16666666666666666,1.0
1466,5,8,0.16666666666666666,1.0
1467,5,8,0.16666666666666666,1.0
1468,5,8,0.16666666666666666,1.0
1469,5,8,0.16666666666666666,1.0
1470,5,7,0.0,1.0
1471,5,7,0.0,1.0
1472,5,7,0.0,1.0
1473,5,6,0.0,1.0
1474,5,6,0.0,1.0
1475,5,6,0.0,1.0
1476,5,7,0.0,1.0
1477,5,4,0.0,1.0
1478,5,4,0.0,1.0
1479,5,7,0.0,1.0
1480,5,6,0.2,1.0
1481,5,6,0.2,1.0
1482,5,6,0.2,1.0
1483,5,6,0.2,1.0
1484,5,6,0.2,1.0
1485,5,6,0.2,1.0
1486,5,4,0.0,1.0
1487,5,4,0.0,1.0
1488,5,4,0.0,1.0
1489,5,4,0.0,1.0
1490,5,4,0.25,1.0
1491,5,8,0.16666666666666666,1.0
1492,5,8,0.16666666666666666,1.0
1493,5,8,0.16666666666666666,1.0
1494,5,8,0.16666666666666666,1.0
1495,5,8,0.16666666666666666,1.0
1496,5,8,0.16666666666666666,1.0
1497,5,2,0.0,1.0
1498,5,7,0.16666666666666666,1.0
1499,5,7,0.16666666666666666,1.0
1500,5,7,0.16666666666666666,1.0
1501,5,7,0.16666666666666666,1.0
1502,5,7,0.16666666666666666,1.0
1503,5,7,0.16666666666666666,1.0
1504,5,9,0.14285714285714285,1.0
1505,5,9,0.14285714285714285,1.0
1506,5,9,0.14285714285714285,1.0
1507,5,9,0.14285714285714285,1.0
1508,5,9,0.14285714285714285,1.0
1509,5,9,0.14285714285714285,1.0
1510,5,6,0.0,1.0
1511,5,6,0.0,1.0
1512,6,4,0.0,1.0
1513,6,3,0.0,1.0
1514,6,2,0.0,1.0
1515,6,2,0.0,1.0
1516,6,3,0.0,1.0
1517,2,4,0.0,1.0
1518,2,4,0.0,1.0
1519,10,4,0.0,1.0
1520,10,3,0.0,1.0
1521,10,2,0.0,1.0
1522,10,2,0.0,1.0
1523,10,3,0.0,1.0
1524,9,4,0.0,1.0
1525,9,3,0.0,1.0
1526,9,2,0.0,1.0
1527,9,2,0.0,1.0
1528,9,3,0.0,1.0
1529,6,4,0.0,1.0
1530,6,3,0.0,1.0
1531,6,2,0.0,1.0
1532,6,2,0.0,1.0
1533,6,3,0.0,1.0
1534,4,4,0.0,1.0
1535,4,3,0.0,1.0
1536,4,2,0.0,1.0
1537,4,2,0.0,1.0
1538,4,3,0.0,1.0
1539,10,4,0.0,1.0
1540,10,3,0.0,1.0
1541,10,2,0.0,1.0
1542,10,2,0.0,1.0
1543,10,3,0.0,1.0
1544,7,4,0.0,1.0
1545,7,6,0.0,1.0
1546,10,4,0.0,1.0
1547,10,3,0.0,1.0
1548,10,2,0.0,1.0
1549,10,2,0.0,1.0
1550,10,3,0.0,1.0
1551,6,4,0.0,1.0
1552,6,4,0.0,1.0
1553,6,4,0.0,1.0
1554,9,4,0.0,1.0
1555,8,4,0.0,1.0
1556,8,3,0.0,1.0
1557,8,2,0.0,1.0
1558,8,2,0.0,1.0
1559,8,3,0.0,1.0
1560,7,4,0.0,1.0
1561,7,4,0.0,1.0
1562,6,6,0.16666666666666666,1.0
1563,6,4,0.25,1.0
1564,4,4,0.0,1.0
1565,6,4,0.0,1.0
1566,6,3,0.0,1.0
1567,6,2,0.0,1.0
1568,6,2,0.0,1.0
1569,6,3,0.0,1.0
1570,4,4,0.0,1.0
1571,4,4,0.0,1.0
1572,4,4,0.0,1.0
1573,8,4,0.0,1.0
1574,8,3,0.0,1.0
1575,8,2,0.0,1.0
1576,8,2,0.0,1.0
1577,8,3,0.0,1.0
1578,7,4,0.0,1.0
1579,7,3,0.0,1.0
1580,7,2,0.0,1.0
1581,7,2,0.0,1.0
1582,7,3,0.0,1.0
1583,9,4,0.0,1.0
1584,9,3,0.0,1.0
1585,9,2,0.0,1.0
1586,9,2,0.0,1.0
1587,9,3,0.0,1.0
